username,password
test01300 ,1
test01301,1
test01302,1
test01303,1
test01304,1
test01305,1
test01306,1
test01307,1
test01308,1
test01309,1
test01310,1
test01311,1
test01312,1
test01400 ,1
test01401,1
test01402,1
test01403,1
test01404,1
test01405,1
test01406,1
test01407,1
test01408,1
test01409,1
test01410,1
test01411,1
test01412,1
test01413,1
test01414,1
test01415,1
test01416,1
test01417,1
test01418,1
test01419,1
test01420,1
test01421,1
test01422,1
test01423,1
test01424,1
test01425,1
test01426,1
test01427,1
test01428,1
test01429,1
test01430,1
test01431,1
test01432,1
test01433,1
test01434,1
test01435,1
test01436,1
test01437,1
test01438,1
test01439,1
test01440,1
test01441,1
test01442,1
test01443,1
test01444,1
test01445,1
test01446,1
test01447,1
test01448,1
test01449,1
