username,pwd
test10401,1
test10402,1
test10403,1
test10404,1
test10405,1
test10406,1
test10407,1
test10408,1
test10409,1
test10410,1
test10411,1
test10412,1
test10413,1
test10414,1
test10415,1
test10416,1
test10417,1
test10418,1
test10419,1
test10420,1
test10421,1
test10422,1
test10423,1
test10424,1
test10425,1
test10426,1
test10427,1
test10428,1
test10429,1
test10430,1
test10431,1
test10432,1
test10433,1
test10434,1
test10435,1
test10436,1
test10437,1
test10438,1
test10439,1
test10440,1
test10441,1
test10442,1
test10443,1
test10444,1
test10445,1
test10446,1
test10447,1
test10448,1
test10449,1
test10450,1
test10451,1
